clusters,entropy
5,2.31854841698982
6,2.57101564397219
7,2.79994332370476
8,2.99167640651807
9,3.16255553022416
10,3.31094046941937
